{"pitch": [-2.917079304729963, 11.391254536985741, 207.63098600266076, 46.77559025099003], "energy": [-1.431044578552246, 8.184337615966797, 37.326216790537735, 26.04418078283591]}